{"exact": 12.088187398221221, "f1": 35.52168819319044, "total": 7983, "HasAns_exact": 12.088187398221221, "HasAns_f1": 35.52168819319044, "HasAns_total": 7983}