{"exact": 35.805384978743504, "f1": 51.51340107777576, "total": 2117, "HasAns_exact": 35.805384978743504, "HasAns_f1": 51.51340107777576, "HasAns_total": 2117}