{"exact": 27.904903417533433, "f1": 37.320234615254044, "total": 3365, "HasAns_exact": 45.87200781631656, "HasAns_f1": 61.34957961911571, "HasAns_total": 2047, "NoAns_exact": 0.0, "NoAns_f1": 0.0, "NoAns_total": 1318}