{"exact": 3.1139515909709004, "f1": 12.780411162575554, "total": 7354, "HasAns_exact": 3.7321063394683027, "HasAns_f1": 15.846479838033513, "HasAns_total": 5868, "NoAns_exact": 0.6729475100942126, "NoAns_f1": 0.6729475100942126, "NoAns_total": 1486}