{"exact": 80.86092715231788, "f1": 88.15281172501983, "total": 10570, "HasAns_exact": 80.86092715231788, "HasAns_f1": 88.15281172501983, "HasAns_total": 10570}