{"exact": 39.86355596732081, "f1": 43.786629745633974, "total": 11873, "HasAns_exact": 79.84143049932524, "HasAns_f1": 87.69882843622, "HasAns_total": 5928, "NoAns_exact": 0.0, "NoAns_f1": 0.0, "NoAns_total": 5945}