{"exact": 44.46620959843291, "f1": 53.58105546646196, "total": 1021, "HasAns_exact": 44.10480349344978, "HasAns_f1": 54.26447339656953, "HasAns_total": 916, "NoAns_exact": 47.61904761904762, "NoAns_f1": 47.61904761904762, "NoAns_total": 105}