{"exact": 18.514342978830015, "f1": 46.61829537870074, "total": 7983, "HasAns_exact": 18.514342978830015, "HasAns_f1": 46.61829537870074, "HasAns_total": 7983}