{"exact": 2.6055367656269572, "f1": 9.401090054030865, "total": 7983, "HasAns_exact": 2.6055367656269572, "HasAns_f1": 9.401090054030865, "HasAns_total": 7983}