{"exact": 21.664190193164934, "f1": 31.338632793721285, "total": 3365, "HasAns_exact": 35.613092330239375, "HasAns_f1": 51.51660935557993, "HasAns_total": 2047, "NoAns_exact": 0.0, "NoAns_f1": 0.0, "NoAns_total": 1318}