{"exact": 15.351913084553614, "f1": 26.1895534545325, "total": 2117, "HasAns_exact": 15.351913084553614, "HasAns_f1": 26.1895534545325, "HasAns_total": 2117}