{"exact": 0.7750883872722328, "f1": 6.369550772533224, "total": 7354, "HasAns_exact": 0.9713701431492843, "HasAns_f1": 7.982562437152239, "HasAns_total": 5868, "NoAns_exact": 0.0, "NoAns_f1": 0.0, "NoAns_total": 1486}