{"exact": 20.752968921081447, "f1": 24.515889188184147, "total": 11873, "HasAns_exact": 39.94601889338731, "HasAns_f1": 47.48265052822377, "HasAns_total": 5928, "NoAns_exact": 1.614802354920101, "NoAns_f1": 1.614802354920101, "NoAns_total": 5945}