{"exact": 19.29480901077375, "f1": 25.064158217640955, "total": 1021, "HasAns_exact": 20.74235807860262, "HasAns_f1": 27.173040982763553, "HasAns_total": 916, "NoAns_exact": 6.666666666666667, "NoAns_f1": 6.666666666666667, "NoAns_total": 105}