{"exact": 7.4658649630464735, "f1": 25.193488577214282, "total": 7983, "HasAns_exact": 7.4658649630464735, "HasAns_f1": 25.193488577214282, "HasAns_total": 7983}