{"exact": 3.2091378841446834, "f1": 10.90639871038015, "total": 7354, "HasAns_exact": 2.010906612133606, "HasAns_f1": 11.657405609430082, "HasAns_total": 5868, "NoAns_exact": 7.94078061911171, "NoAns_f1": 7.94078061911171, "NoAns_total": 1486}