{"exact": 12.965050732807216, "f1": 36.44886614171757, "total": 7983, "HasAns_exact": 12.965050732807216, "HasAns_f1": 36.44886614171757, "HasAns_total": 7983}