{"exact": 37.17524799244214, "f1": 53.371794269641775, "total": 2117, "HasAns_exact": 37.17524799244214, "HasAns_f1": 53.371794269641775, "HasAns_total": 2117}