{"exact": 26.12184249628529, "f1": 35.95321023414269, "total": 3365, "HasAns_exact": 42.89203712750366, "HasAns_f1": 59.05351853340994, "HasAns_total": 2047, "NoAns_exact": 0.07587253414264036, "NoAns_f1": 0.07587253414264036, "NoAns_total": 1318}