{"exact": 3.413108512374218, "f1": 13.544539355346943, "total": 7354, "HasAns_exact": 4.124062713019768, "HasAns_f1": 16.821155831496494, "HasAns_total": 5868, "NoAns_exact": 0.6056527590847914, "NoAns_f1": 0.6056527590847914, "NoAns_total": 1486}