{"exact": 40.040427861534575, "f1": 44.102144907212235, "total": 11873, "HasAns_exact": 80.19568151147098, "HasAns_f1": 88.3307635768102, "HasAns_total": 5928, "NoAns_exact": 0.0, "NoAns_f1": 0.0, "NoAns_total": 5945}