{"exact": 80.71901608325449, "f1": 88.43810805446027, "total": 10570, "HasAns_exact": 80.71901608325449, "HasAns_f1": 88.43810805446027, "HasAns_total": 10570}