{"exact": 45.44564152791381, "f1": 54.4573480714519, "total": 1021, "HasAns_exact": 45.19650655021834, "HasAns_f1": 55.24121438968606, "HasAns_total": 916, "NoAns_exact": 47.61904761904762, "NoAns_f1": 47.61904761904762, "NoAns_total": 105}