{"exact": 2.705749718151071, "f1": 9.846559014375918, "total": 7983, "HasAns_exact": 2.705749718151071, "HasAns_f1": 9.846559014375918, "HasAns_total": 7983}