{"exact": 0.8702746804460157, "f1": 6.515769089843363, "total": 7354, "HasAns_exact": 0.9372869802317655, "HasAns_f1": 8.012434541020465, "HasAns_total": 5868, "NoAns_exact": 0.6056527590847914, "NoAns_f1": 0.6056527590847914, "NoAns_total": 1486}